{"cameraMode":{"drawMode":0,"name":"Shaded","section":"Shading Mode"},"sceneLighting":true,"audioPlay":false,"sceneViewState":{"m_AlwaysRefresh":false,"showFog":true,"showSkybox":false,"showFlares":true,"showImageEffects":true,"showParticleSystems":true,"showVisualEffectGraphs":true,"m_FxEnabled":true},"in2DMode":false,"pivot":{"x":485.36236572265627,"y":44.043670654296878,"z":685.2529907226563},"rotation":{"x":0.13575319945812226,"y":0.06830417364835739,"z":-0.009382080286741257,"w":0.9883439540863037},"size":6.707675457000732,"orthographic":false}