{"cameraMode":{"drawMode":0,"name":"Shaded","section":"Shading Mode"},"sceneLighting":true,"audioPlay":false,"sceneViewState":{"m_AlwaysRefresh":false,"showFog":true,"showSkybox":true,"showFlares":true,"showImageEffects":true,"showParticleSystems":true,"showVisualEffectGraphs":true,"m_FxEnabled":true},"in2DMode":false,"pivot":{"x":474.0603332519531,"y":72.81922149658203,"z":662.4595336914063},"rotation":{"x":-0.05814974382519722,"y":-0.01647586189210415,"z":-0.0009598197648301721,"w":0.9981740117073059},"size":25.146507263183595,"orthographic":false}